	A0A3B0XHN3_0_1	A0A1G0AW29_1_1	A0A1G0AW29_2_1	A0A1G0AW29_3_1	Q59462_4_1	Q59462_5_1	U3U4M7_6_1	A0A1G0AW29_7_1	A0A1G0AW29_8_1	A0A1G0AW29_9_1	OGS68397.1	Q59462.3	Q60028.3	Q31IK3.1	O84917.1	Q9ZHZ4.1	A1VNQ9.1	Q21YM9.1	P50922.1	D5AUD5.1
A0A3B0XHN3_0_1	0.0	0.3489	0.3447	0.3511	0.3456	0.3218	0.3559	0.3723	0.3511	0.3532	0.4447	0.4168	0.4031	0.4248	0.4035	0.4139	0.4096	0.4031	0.3734	0.3777
A0A1G0AW29_1_1	0.3489	0.0	0.1766	0.1596	0.2511	0.2149	0.4149	0.2128	0.1596	0.1574	0.4319	0.4255	0.4043	0.4021	0.3872	0.4128	0.4064	0.4213	0.3511	0.3574
A0A1G0AW29_2_1	0.3447	0.1766	0.0	0.1872	0.2511	0.2255	0.3851	0.2277	0.1809	0.166	0.434	0.4213	0.4128	0.4277	0.4128	0.4234	0.4191	0.4234	0.3851	0.3894
A0A1G0AW29_3_1	0.3511	0.1596	0.1872	0.0	0.2638	0.2213	0.4128	0.2191	0.1489	0.1809	0.4404	0.4213	0.3957	0.4	0.3851	0.4021	0.3936	0.4255	0.3723	0.3766
Q59462_4_1	0.3456	0.2511	0.2511	0.2638	0.0	0.1857	0.4082	0.2809	0.2553	0.2553	0.4511	0.4406	0.4384	0.4384	0.4298	0.4384	0.4428	0.4514	0.3952	0.4017
Q59462_5_1	0.3218	0.2149	0.2255	0.2213	0.1857	0.0	0.3801	0.2809	0.2149	0.2085	0.4191	0.3909	0.378	0.3931	0.3585	0.3823	0.3672	0.4017	0.3326	0.3348
U3U4M7_6_1	0.3559	0.4149	0.3851	0.4128	0.4082	0.3801	0.0	0.4149	0.3979	0.4149	0.5	0.473	0.4597	0.4553	0.4555	0.4641	0.4619	0.4597	0.4279	0.4345
A0A1G0AW29_7_1	0.3723	0.2128	0.2277	0.2191	0.2809	0.2809	0.4149	0.0	0.2106	0.2085	0.466	0.4447	0.4532	0.4574	0.4532	0.4553	0.4511	0.4681	0.4298	0.434
A0A1G0AW29_8_1	0.3511	0.1596	0.1809	0.1489	0.2553	0.2149	0.3979	0.2106	0.0	0.166	0.4489	0.4298	0.4043	0.4234	0.4	0.4043	0.4021	0.4362	0.3638	0.3681
A0A1G0AW29_9_1	0.3532	0.1574	0.166	0.1809	0.2553	0.2085	0.4149	0.2085	0.166	0.0	0.4362	0.4277	0.383	0.4128	0.3809	0.4043	0.3936	0.4	0.3362	0.3426
OGS68397.1	0.4447	0.4319	0.434	0.4404	0.4511	0.4191	0.5	0.466	0.4489	0.4362	0.0	0.1468	0.2851	0.2979	0.2979	0.3021	0.3255	0.3383	0.3255	0.3298
Q59462.3	0.4168	0.4255	0.4213	0.4213	0.4406	0.3909	0.473	0.4447	0.4298	0.4277	0.1468	0.0	0.2765	0.2786	0.2808	0.2873	0.3024	0.3153	0.3197	0.324
Q60028.3	0.4031	0.4043	0.4128	0.3957	0.4384	0.378	0.4597	0.4532	0.4043	0.383	0.2851	0.2765	0.0	0.1721	0.0933	0.0937	0.1699	0.1416	0.2505	0.2505
Q31IK3.1	0.4248	0.4021	0.4277	0.4	0.4384	0.3931	0.4553	0.4574	0.4234	0.4128	0.2979	0.2786	0.1721	0.0	0.1822	0.183	0.2026	0.2418	0.2505	0.2549
O84917.1	0.4035	0.3872	0.4128	0.3851	0.4298	0.3585	0.4555	0.4532	0.4	0.3809	0.2979	0.2808	0.0933	0.1822	0.0	0.1171	0.1627	0.1453	0.2495	0.2495
Q9ZHZ4.1	0.4139	0.4128	0.4234	0.4021	0.4384	0.3823	0.4641	0.4553	0.4043	0.4043	0.3021	0.2873	0.0937	0.183	0.1171	0.0	0.1525	0.159	0.268	0.268
A1VNQ9.1	0.4096	0.4064	0.4191	0.3936	0.4428	0.3672	0.4619	0.4511	0.4021	0.3936	0.3255	0.3024	0.1699	0.2026	0.1627	0.1525	0.0	0.2026	0.2527	0.2549
Q21YM9.1	0.4031	0.4213	0.4234	0.4255	0.4514	0.4017	0.4597	0.4681	0.4362	0.4	0.3383	0.3153	0.1416	0.2418	0.1453	0.159	0.2026	0.0	0.2854	0.2854
P50922.1	0.3734	0.3511	0.3851	0.3723	0.3952	0.3326	0.4279	0.4298	0.3638	0.3362	0.3255	0.3197	0.2505	0.2505	0.2495	0.268	0.2527	0.2854	0.0	0.0131
D5AUD5.1	0.3777	0.3574	0.3894	0.3766	0.4017	0.3348	0.4345	0.434	0.3681	0.3426	0.3298	0.324	0.2505	0.2549	0.2495	0.268	0.2549	0.2854	0.0131	0.0
