Sequence_ID,pI,Type
A0A3B0XHN3_0_1,5.149635505676269,Generated
A0A1G0AW29_1_1,5.391655921936036,Generated
A0A1G0AW29_2_1,5.649079704284667,Generated
A0A1G0AW29_3_1,5.632084846496581,Generated
Q59462_4_1,5.315889549255371,Generated
Q59462_5_1,5.274681282043456,Generated
U3U4M7_6_1,5.565696907043456,Generated
A0A1G0AW29_7_1,6.046100044250489,Generated
A0A1G0AW29_8_1,5.451848411560058,Generated
A0A1G0AW29_9_1,5.52323818206787,Generated
A0A1G0AW29_10_1,5.810218238830567,Generated
A0A1G0AW29_11_1,6.247423744201661,Generated
A0A1G0AW29_12_1,5.600368690490721,Generated
A0A1G0AW29_13_1,5.123660087585448,Generated
A0A1G0AW29_14_1,5.228641700744627,Generated
Q8RTI1_15_1,5.186353492736815,Generated
A0A7C9QRF1_16_1,5.279796791076659,Generated
F2ZCD4_17_1,5.616965675354003,Generated
A0A1G0AW29_18_1,5.4674791336059565,Generated
A0A3B0XHN3_19_1,5.614635276794433,Generated
A0A3B0XHN3_20_1,4.92199535369873,Generated
A0A3B0XHN3_21_1,5.51698589324951,Generated
A0A7V8AB38_22_1,5.59860668182373,Generated
A0A7V8AB38_23_1,5.845174217224121,Generated
A0A7C5IYL6_24_1,5.824030113220215,Generated
A0A1W6AQ46_25_1,6.164495658874511,Generated
A0A3B0XHN3_26_1,4.883515357971191,Generated
A0A7V8AB38_27_1,5.177031898498535,Generated
A0A1G0AW29_28_1,5.534776496887206,Generated
A0A3N1XWA5_29_1,5.710067939758301,Generated
A0A1G0AW29_30_1,5.388302421569825,Generated
A0A2K8KYS9_31_1,5.593775367736816,Generated
A0A2K8KYS9_32_1,5.83403377532959,Generated
A0A3N1XWA5_33_1,5.437411308288574,Generated
A0A1G0AW29_34_1,5.568027305603027,Generated
A0A075IPP2_35_1,8.913930702209473,Generated
A0A3N1XWA5_36_1,6.068494606018065,Generated
A0A1G0AW29_37_1,5.197209739685058,Generated
A0A1G0AW29_38_1,5.391599082946779,Generated
A0A1G0AW29_39_1,5.725300788879395,Generated
A0A1G0AW29_40_1,6.443006706237792,Generated
A0A1G0AW29_41_1,5.525966453552246,Generated
A0A3N1XWA5_42_1,5.1180330276489245,Generated
A0A3N1XWA5_43_1,5.374547386169434,Generated
A0A075IPR4_44_1,4.680543327331542,Generated
A0A1G0AW29_45_1,5.335783195495605,Generated
A0A1G0AW29_46_1,5.389552879333496,Generated
I4DDJ6_47_2,6.3810522079467775,Generated
A0A3M2BFW8_48_2,5.07449436187744,Generated
A0A933USX4_49_2,4.865781593322754,Generated
Q31IK3_50_2,5.649648094177246,Generated
A0A948EPL6_51_2,5.67943172454834,Generated
A0A948EPL6_52_2,5.622933769226075,Generated
A0A948EPL6_53_2,5.250638389587402,Generated
A0A3E1R697_54_2,6.157561302185058,Generated
A0A0T5Z1X2_55_2,5.08722629547119,Generated
A0A661FXI3_56_2,5.527557945251464,Generated
A0A962DV06_57_2,5.205678749084471,Generated
A0A2A4WCC7_58_2,5.855632591247558,Generated
UPI000570971D_59_2,4.858506202697753,Generated
A0A3B0XHN3_60_2,5.203518867492675,Generated
A0A3B0XHN3_61_2,5.858929252624511,Generated
A0A3B0XHN3_62_2,5.298042106628418,Generated
A0A3M2BFW8_63_2,5.115759468078613,Generated
A0A7C6EZB3_64_2,5.5649011611938475,Generated
A0A948EPL6_65_2,5.025271797180175,Generated
A0A948EPL6_66_2,5.720867347717285,Generated
A0A7X7ZGQ9_67_2,5.44349308013916,Generated
UPI0005EB8F6C_68_2,5.884108924865722,Generated
Q21YM9_69_2,5.974369239807129,Generated
A0A7V7WQB9_70_2,6.124481010437011,Generated
A0A948EPL6_71_2,5.897068214416504,Generated
A0A2K8L348_72_2,4.978209114074706,Generated
V6EXN2_73_2,6.384121513366699,Generated
V6EXN2_74_2,5.70932903289795,Generated
I4DDN7_75_2,5.862964820861816,Generated
A0A948EPL6_76_2,4.778135871887207,Generated
I4DDN7_77_2,5.683467292785645,Generated
I4DDN7_78_2,5.496864891052245,Generated
I4DDN7_79_2,5.594571113586425,Generated
A0A948EPL6_80_2,5.90832233428955,Generated
I4DDN7_81_2,5.756107521057129,Generated
A0A948EPL6_82_2,5.723709297180176,Generated
I4DDN7_83_2,5.756960105895996,Generated
A0A1G0AW29_84_2,5.600198173522949,Generated
A0A948EPL6_85_2,5.737180137634279,Generated
A0A3M1HUI7_86_2,6.254528617858887,Generated
A0A1G0AW29_87_2,5.254958152770995,Generated
A0A1G0AW29_88_2,5.211931037902831,Generated
A0A1G0AW29_89_2,5.601505470275878,Generated
A0A1G0AW29_90_2,5.634244728088378,Generated
A0A075IPP2_91_2,4.985370826721191,Generated
A0A075IPP2_92_2,5.480438423156738,Generated
A0A075IPP2_93_2,6.366274070739746,Generated
A0A075IPP2_94_2,7.75524845123291,Generated
A0A075IPP2_95_2,5.210453224182127,Generated
A0A075IPP2_96_2,6.858442878723144,Generated
D9SHP6_97_2,6.041837120056152,Generated
D9SHP6_98_2,5.203973579406737,Generated
D9SHP6_99_2,5.892407417297362,Generated
A0A0G4EI01_100_2,6.30227336883545,Generated
A0A1G0AW29_101_2,5.944585609436035,Generated
A0A1G0AW29_102_2,5.671303749084472,Generated
A0A1G0AW29_103_2,5.31566219329834,Generated
D9SHP6_104_2,5.13451633453369,Generated
D9SHP6_105_2,5.43388729095459,Generated
A0A3B0XHN3_106_2,5.381424903869629,Generated
D9SHP6_107_2,5.198289680480956,Generated
A0A1G0AW29_108_2,5.53494701385498,Generated
A0A948EPL6_109_2,7.223803901672364,Generated
A0A3M2BFW8_110_2,5.554897499084471,Generated
A0A3M2BFW8_111_2,4.989576911926269,Generated
A0A075IVF1_112_2,6.1313585281372065,Generated
UPI0021E97E19_113_2,5.872115898132324,Generated
A0A1G0AW29_114_2,5.515905952453611,Generated
A0A1G0AW29_115_2,5.524886512756347,Generated
A0A1G0AW29_116_2,5.345786857604979,Generated
A0A1G0AW29_117_2,5.45440616607666,Generated
A0A1G0AW29_118_2,5.688071250915528,Generated
A0A948EPL6_119_2,6.018817329406737,Generated
A0A1G0AW29_120_2,5.295143318176269,Generated
A0A1G0AW29_121_2,5.457304954528809,Generated
A0A075IPN0_122_2,5.39569149017334,Generated
A0A075IPN0_123_2,5.583146476745605,Generated
UPI00056DDB62_124_2,4.9517221450805655,Generated
A0A1G0AW29_125_2,5.6456693649292,Generated
A0A1G0AW29_126_2,5.600255012512206,Generated
A0A1G0AW29_127_2,6.248731040954591,Generated
D9SHP6_128_2,5.579736137390136,Generated
A0A661E1C3_129_2,5.674202537536622,Generated
A0A948EPL6_130_2,5.90468463897705,Generated
A0A2K8L348_131_2,5.02203197479248,Generated
A0A1G0AW29_132_2,5.790438270568848,Generated
A0A075IPP2_133_2,5.642031669616699,Generated
A0A075IPP2_134_2,4.907728767395019,Generated
A0A075IPP2_135_2,5.784527015686035,Generated
A0A075IPP2_136_2,5.472480964660644,Generated
A0A075IPP2_137_2,4.953029441833496,Generated
A0A075IPP2_138_2,5.1283777236938475,Generated
A0A075IPP2_139_2,6.6447851181030275,Generated
A0A075IPP2_140_2,5.286844825744628,Generated
A0A075IPP2_141_2,5.505731773376463,Generated
A0A075IPP2_142_2,5.789244651794434,Generated
A0A1G0AW29_143_2,5.522271919250487,Generated
A0A2K8L348_144_2,5.174417304992674,Generated
A0A1G0AW29_145_2,6.032799720764159,Generated
A0A1G0AW29_146_2,5.1353120803833,Generated
A0A1G0AW29_147_2,5.290368843078612,Generated
A0A1G0AW29_148_2,6.087365150451659,Generated
A0A075IPP2_149_2,8.696930122375488,Generated
A0A075IPP2_150_2,5.352778053283691,Generated
A0A1G0AW29_151_2,4.966784477233887,Generated
A0A1G0AW29_152_2,5.304010200500487,Generated
A0A075IPP2_153_2,5.662721061706543,Generated
A0A1G0AW29_154_2,5.333623313903809,Generated
A0A2K8L348_155_2,5.220911598205565,Generated
A0A075IPP2_156_2,5.971072578430175,Generated
A0A075IPP2_157_2,6.105098915100096,Generated
A0A075IPP2_158_2,5.533980751037597,Generated
A0A1G0AW29_159_2,5.097343635559081,Generated
A0A1G0AW29_160_2,5.195902442932128,Generated
A0A2K8L348_161_2,5.310035133361816,Generated
A0A1G0AW29_162_2,5.377218818664551,Generated
A0A1G0AW29_163_2,5.529376792907715,Generated
A0A2K8L348_164_2,5.448040199279785,Generated
A0A075IPP2_165_2,5.410014915466308,Generated
A0A1G0AW29_166_2,5.57649631500244,Generated
A0A075IPP2_167_2,6.068665122985839,Generated
A0A1G0AW29_168_2,5.134459495544433,Generated
A0A1G0AW29_169_2,6.217242240905762,Generated
A0A1G0AW29_170_2,6.100438117980955,Generated
A0A1G0AW29_171_2,5.430874824523924,Generated
A0A1G0AW29_172_2,5.4845308303833,Generated
A0A075IPP2_173_3,5.346014213562011,Generated
A0A075IPP2_174_3,5.45440616607666,Generated
A0A3M2BFW8_175_3,5.19846019744873,Generated
A0A3M2BFW8_176_3,4.854527473449706,Generated
A0A3M2BFW8_177_3,5.572915458679199,Generated
A0A2K8L348_178_3,5.056419563293456,Generated
A0A075IPP2_179_3,4.92483730316162,Generated
A0A075IPP2_180_3,6.146534538269043,Generated
A0A3M2BFW8_181_3,4.96746654510498,Generated
A0A2K8L348_182_3,5.374376869201661,Generated
A0A075IPP2_183_3,6.468356895446777,Generated
A0A1G0AW29_184_3,5.78674373626709,Generated
A0A075IPP2_185_3,5.565242195129394,Generated
A0A075IPP2_186_3,5.469127464294433,Generated
A0A3M2BFW8_187_3,5.156399345397948,Generated
A0A3M2BFW8_188_3,4.721012687683105,Generated
A0A3M2BFW8_189_3,5.137926673889159,Generated
A0A3M2BFW8_190_3,5.2073270797729485,Generated
A0A1G0AW29_191_3,5.408991813659667,Generated
A0A1G0AW29_192_3,5.345332145690917,Generated
A0A1G0AW29_193_3,6.340071296691894,Generated
A0A1G0AW29_194_3,5.810104560852051,Generated
A0A1G0AW29_195_3,5.539380455017089,Generated
A0A1G0AW29_196_3,5.833976936340332,Generated
A0A832ANL8_197_3,6.44567813873291,Generated
A0A832ANL8_198_3,5.859327125549315,Generated
A0A832ANL8_199_3,5.5356859207153315,Generated
F2ZCF1_200_3,5.462761497497559,Generated
F2ZCF1_201_3,4.759435844421386,Generated
A0A2M7EME9_202_3,5.963569831848145,Generated
A0A3S9PWU7_203_3,4.981051063537596,Generated
A0A1G0AW29_204_3,5.511188316345213,Generated
A0A1G0AW29_205_3,5.724448204040528,Generated
A0A1G0AW29_206_3,5.202552604675293,Generated
A0A075IPP2_207_3,5.047268486022949,Generated
A0A1G0AW29_208_3,5.692391014099121,Generated
A0A1G0AW29_209_3,5.03629856109619,Generated
A0A075IPP2_210_3,5.537447929382323,Generated
A0A075IPP2_211_3,5.3999544143676745,Generated
A0A2K8L348_212_3,6.201327323913574,Generated
D9SHP6_213_3,5.789699363708496,Generated
A0A1G0AW29_214_3,6.216048622131347,Generated
D9SHP6_215_3,5.351641273498536,Generated
D9SHP6_216_3,5.614692115783691,Generated
D9SHP6_217_3,5.1732805252075185,Generated
A0A2K8L348_218_3,5.563593864440917,Generated
A0A075IPP2_219_3,5.093308067321778,Generated
A0A1G0AW29_220_3,5.512722969055174,Generated
A0A1G0AW29_221_3,5.256606483459472,Generated
A0A1G0AW29_222_3,6.378210258483887,Generated
A0A1G0AW29_223_3,5.99096622467041,Generated
A0A1G0AW29_224_3,5.828690910339356,Generated
A0A075IPP2_225_3,6.4652307510375975,Generated
A0A075IPP2_226_3,5.913381004333496,Generated
A0A075IPP2_227_3,5.476630210876464,Generated
A0A075IPP2_228_3,5.589682960510253,Generated
A0A1G0AW29_229_3,5.272976112365721,Generated
A0A1G0AW29_230_3,5.798395729064941,Generated
A0A1G0AW29_231_3,5.383130073547363,Generated
A0A2K8L348_232_3,4.882094383239747,Generated
D9SHP6_233_3,5.492601966857909,Generated
D9SHP6_234_3,5.365964698791504,Generated
D9SHP6_235_3,5.873877906799316,Generated
D9SHP6_236_3,5.568425178527831,Generated
A0A075IPP2_237_3,5.190843772888182,Generated
A0A2K8L348_238_3,5.8123781204223635,Generated
A0A2K8L348_239_3,5.10126552581787,Generated
A0A2K8L348_240_3,5.757414817810059,Generated
A0A1G0AW29_241_3,5.69500560760498,Generated
A0A1G0AW29_242_3,5.6704511642456055,Generated
A0A1G0AW29_243_3,5.571721839904785,Generated
A0A1G0AW29_244_3,5.545291709899902,Generated
A0A1G0AW29_245_3,6.054341697692871,Generated
A0A1G0AW29_246_3,5.601619148254394,Generated
A0A1G0AW29_247_3,5.34811725616455,Generated
A0A1G0AW29_248_3,7.73524112701416,Generated
A0A1G0AW29_249_3,5.590194511413574,Generated
A0A075IPP2_250_3,6.885043525695801,Generated
D9SHP6_251_3,6.254244422912598,Generated
D9SHP6_252_3,5.31799259185791,Generated
A0A1G0AW29_253_3,5.393645286560059,Generated
A0A1G0AW29_254_3,5.321346092224121,Generated
A0A1G0AW29_255_3,5.986703300476075,Generated
A0A1G0AW29_256_3,5.457304954528809,Generated
A0A1G0AW29_257_3,6.206783866882325,Generated
A0A1G0AW29_258_3,6.0299577713012695,Generated
A0A1G0AW29_259_3,5.783219718933105,Generated
A0A1G0AW29_260_3,5.394497871398925,Generated
A0A075IPP2_261_3,6.231906700134277,Generated
A0A075IPP2_262_3,5.186978721618652,Generated
A0A075IPP2_263_3,5.5564889907836905,Generated
A0A2K8L348_264_3,5.17998752593994,Generated
A0A075IPP2_265_3,5.656411933898925,Generated
A0A2K8L348_266_3,5.439230155944824,Generated
A0A075IPP2_267_3,5.681591606140137,Generated
A0A948EPL6_268_3,6.074519538879394,Generated
A0A948EPL6_269_3,5.591160774230956,Generated
A0A948EPL6_270_3,5.826815223693848,Generated
A0A832J6A2_271_3,5.037264823913574,Generated
A0A832J6A2_272_3,5.675168800354004,Generated
A0A948EPL6_273_3,5.252400398254394,Generated
A0A948EPL6_274_3,5.819767189025879,Generated
A0A948EPL6_275_3,5.91821231842041,Generated
A0A948EPL6_276_3,5.241203117370604,Generated
A0A832ANL8_277_3,6.887487602233888,Generated
A0A075IPP2_278_3,5.193515205383299,Generated
A0A075IPP2_279_3,5.075403785705565,Generated
A0A075IPP2_280_3,5.221877861022948,Generated
A0A832ANL8_281_3,5.54665584564209,Generated
A0A075IPP2_282_3,5.526080131530762,Generated
A0A075IPP2_283_3,5.15634250640869,Generated
D9SHP6_284_3,4.717090797424316,Generated
A0A1G0AW29_285_3,5.386085700988769,Generated
A0A075ISY8_286_3,6.228610038757325,Generated
A0A075ISY8_287_3,5.9660139083862305,Generated
A0A075ISY8_288_3,6.266351127624512,Generated
A0A075ISY8_289_3,5.545632743835449,Generated
A0A075ISY8_290_3,6.079180335998534,Generated
A0A2U0AGL4_291_3,5.331804466247559,Generated
A0A657Q713_292_3,5.0065717697143555,Generated
I4DDR7_293_3,6.1421010971069325,Generated
A0A7Y2YWN0_294_3,5.9242372512817365,Generated
A0A7Y0GYQ9_295_3,5.134118461608886,Generated
A0A075IPP2_296_3,5.905537223815918,Generated
A0A7Y0GYQ9_297_3,7.270241355895997,Generated
A0A832ANL8_298_3,5.327029991149902,Generated
I4DDM4_299_3,5.77946834564209,Generated
A0A7Y0GYQ9_300_3,6.279026222229004,Generated
A0A7Y0GYQ9_301_3,6.058036231994628,Generated
A0A7Y0GYQ9_302_3,5.77372760772705,Generated
A0A7Y0GYQ9_303_3,6.32199649810791,Generated
A0A369CGS8_304_3,5.962319374084472,Generated
A0A1N7LI14_305_3,5.76179141998291,Generated
A0A0D6B0K4_306_3,4.979686927795409,Generated
A0A0P9C7E3_307_3,9.164325904846194,Generated
A0A948EPL6_308_3,7.800755119323731,Generated
A0A948EPL6_309_3,5.312138175964355,Generated
A0A948EPL6_310_3,5.900762748718263,Generated
A0A948EPL6_311_3,5.961694145202637,Generated
A0A948EPL6_312_3,5.560183525085448,Generated
UPI0003F8EEA2_313_3,5.2765001296997065,Generated
A0A832ANL8_314_3,5.24728488922119,Generated
A0A2K8L348_315_3,5.572006034851074,Generated
D9SHP6_316_3,5.743943977355957,Generated
A0A1G0AW29_317_3,4.939785957336424,Generated
A0A1G0AW29_318_3,6.945577049255371,Generated
A0A1G0AW29_319_3,4.973661994934082,Generated
A0A1G0AW29_320_3,5.187944984436034,Generated
A0A075IPP2_321_3,5.645953559875489,Generated
A0A075IPP2_322_3,5.522044563293456,Generated
A0A075IPP2_323_3,5.125365257263183,Generated
A0A075IPP2_324_3,5.39205379486084,Generated
I4DDM4_325_3,5.533298683166502,Generated
I4DDM4_326_3,5.541540336608886,Generated
I4DDM4_327_3,5.578713035583495,Generated
A0A832ANL8_328_3,5.2096574783325185,Generated
A0A075IPP2_329_3,6.885668754577638,Generated
A0A7Y0GYQ9_330_3,6.5414518356323255,Generated
A0A075IPP2_331_3,6.609999656677247,Generated
A0A1G0AW29_332_3,6.551796531677247,Generated
A0A1G0AW29_333_3,5.367726707458496,Generated
A0A1G0AW29_334_3,5.279910469055174,Generated
A0A1G0AW29_335_3,5.661527442932129,Generated
A0A1G0AW29_336_3,5.551202964782715,Generated
A0A1G0AW29_337_3,5.559217262268065,Generated
A0A075IPP2_338_3,6.201327323913574,Generated
A0A075IPP2_339_3,8.498238563537598,Generated
A0A3M2BFW8_340_3,5.188854408264159,Generated
A0A3M2BFW8_341_3,4.732664680480957,Generated
A0A3M2BFW8_342_3,4.974912452697754,Generated
A0A3M2BFW8_343_3,5.104960060119628,Generated
A0A832ANL8_344_3,5.0871694564819325,Generated
A0A948EPL6_345_3,5.147361946105955,Generated
A0A832J6A2_346_3,5.365851020812988,Generated
A0A3D0LV50_347_3,6.030469322204589,Generated
A0A075IRW9_348_3,5.782423973083495,Generated
A0A953VJD8_349_3,6.524911689758301,Generated
A0A1G0AW29_350_3,5.621001243591309,Generated
F2ZCE9_351_3,5.8455720901489245,Generated
A0A1G3IDC6_352_3,8.969502449035648,Generated
A0A661DL27_353_3,5.679886436462403,Generated
A0A1G0AW29_354_3,5.191071128845214,Generated
A0A948EPL6_355_3,5.125365257263183,Generated
A0A948EPL6_356_3,5.37619571685791,Generated
A0A948EPL6_357_3,5.9108800888061515,Generated
A0A948EPL6_358_3,6.022341346740721,Generated
A0A075IPP2_359_3,6.611591148376465,Generated
A0A832J6A2_360_3,5.246943855285643,Generated
A0A075IPP2_361_3,6.876006126403809,Generated
A0A948EPL6_362_3,5.753322410583496,Generated
A0A948EPL6_363_3,5.079553031921385,Generated
A0A948EPL6_364_3,5.598151969909667,Generated
A0A948EPL6_365_3,5.289573097229003,Generated
A0A948EPL6_366_3,5.791575050354004,Generated
A0A948EPL6_367_3,5.496921730041502,Generated
A0A948EPL6_368_3,5.165891456604002,Generated
A0A1G0AW29_369_3,5.905537223815918,Generated
A0A1G0AW29_370_3,5.2647912979125975,Generated
A0A1G0AW29_371_3,5.236997032165527,Generated
A0A948EPL6_372_3,6.888510704040528,Generated
A0A075ISY8_373_3,5.371762275695801,Generated
A0A075ISY8_374_3,6.2690225601196286,Generated
A0A7V7WQB9_375_3,5.268031120300292,Generated
A0A3M2BFW8_376_3,4.861916542053222,Generated
A0A075IPP2_377_3,5.48919162750244,Generated
A0A832ANL8_378_3,6.008699989318846,Generated
A0A832ANL8_379_3,5.426725578308105,Generated
A0A832ANL8_380_3,5.179191780090331,Generated
A0A1G0AW29_381_3,5.4079687118530275,Generated
A0A075IPP2_382_3,5.555693244934082,Generated
A0A075IPP2_383_3,5.353857994079591,Generated
A0A075IPP2_384_3,5.383868980407715,Generated
A0A075IPP2_385_3,5.093819618225097,Generated
A0A075IPP2_386_3,5.583714866638183,Generated
A0A075IPP2_387_3,5.291050910949706,Generated
A0A075IPP2_388_3,4.769894218444825,Generated
A0A075IPP2_389_3,5.578030967712402,Generated
A0A1G0AW29_390_4,5.483394050598144,Generated
A0A1G0AW29_391_4,5.6380529403686515,Generated
A0A1G0AW29_392_4,5.4834508895874015,Generated
A0A2K8L348_393_4,5.130196571350097,Generated
A0A2K8L348_394_4,5.459407997131348,Generated
A0A1G0AW29_395_4,5.591501808166503,Generated
A0A813L3F7_396_4,5.840570259094237,Generated
A0A2K8L348_397_4,5.04232349395752,Generated
K1YYQ0_398_4,6.372753715515137,Generated
K1YYQ0_399_4,6.164666175842284,Generated
A0A849Q8T9_400_4,5.251320457458495,Generated
A0A0G0QYQ4_401_4,7.668625831604005,Generated
A0A0G0QYQ4_402_4,5.654252052307128,Generated
A0A3M1FDV3_403_4,9.09702091217041,Generated
A0A3M1FDV3_404_4,7.750758171081543,Generated
A0A3M1FDV3_405_4,8.838631629943851,Generated
A0A3M1FDV3_406_4,8.485602760314944,Generated
A0A3M1FDV3_407_4,6.981783485412598,Generated
K1YYQ0_408_4,9.244460105895993,Generated
A0A3M1FDV3_409_4,6.111351203918456,Generated
A0A3M1FDV3_410_4,9.215062522888182,Generated
K1YYQ0_411_4,6.031947135925292,Generated
K1YYQ0_412_4,5.468672752380371,Generated
K1YYQ0_413_4,6.55247859954834,Generated
K1YYQ0_414_4,6.209739494323729,Generated
K1YYQ0_415_4,6.2469690322875975,Generated
K1YYQ0_416_4,6.116409873962401,Generated
K1YYQ0_417_4,8.491340446472169,Generated
A0A0G0QYQ4_418_4,6.609942817687989,Generated
A0A0G0QYQ4_419_4,7.704036521911622,Generated
A0A3M1FDV3_420_4,6.503312873840332,Generated
K1YYQ0_421_4,5.554158592224121,Generated
K1YYQ0_422_4,6.664621925354004,Generated
A0A3M1FDV3_423_4,6.9608667373657225,Generated
A0A3M1FDV3_424_4,7.235455894470216,Generated
K1YYQ0_425_4,8.643614768981934,Generated
K1YYQ0_426_4,5.515167045593261,Generated
K1YYQ0_427_4,7.770708656311036,Generated
A0A3M1FDV3_428_4,8.26234874725342,Generated
A0A3M1FDV3_429_4,9.344321632385256,Generated
A0A3M1FDV3_430_4,6.984227561950684,Generated
A0A3M1FDV3_431_4,9.104047966003417,Generated
A0A3M1FDV3_432_4,8.807106590270998,Generated
A0A3M1FDV3_433_4,7.226191139221191,Generated
K1YYQ0_434_4,6.24924259185791,Generated
K1YYQ0_435_4,8.992840003967284,Generated
K1YYQ0_436_4,8.776290702819825,Generated
K1YYQ0_437_4,5.7853796005249025,Generated
K1YYQ0_438_4,6.617104530334472,Generated
A0A849Q8T9_439_4,5.207099723815917,Generated
A0A3M1FDV3_440_4,6.550205039978027,Generated
A0A3M1FDV3_441_4,6.611363792419434,Generated
A0A3M1FDV3_442_4,6.189618492126464,Generated
A0A3M1FDV3_443_4,5.852620124816894,Generated
A0A3M1FDV3_444_4,6.581466484069825,Generated
A0A3M1FDV3_445_4,8.878344154357912,Generated
A0A3M1FDV3_446_4,8.535436820983886,Generated
A0A0G0QYQ4_447_4,6.574930000305176,Generated
A0A2K8L348_448_4,4.996965980529784,Generated
A0A0G0QYQ4_449_4,5.594002723693847,Generated
A0A1G0AW29_450_4,5.999378395080566,Generated
A0A075IPP2_451_4,5.938105964660645,Generated
A0A075IPP2_452_4,5.530172538757324,Generated
A0A075IPP2_453_4,5.790210914611817,Generated
A0A075IPP2_454_4,5.873934745788574,Generated
A0A075IPP2_455_4,5.199938011169433,Generated
A0A1G0AW29_456_4,6.1472166061401365,Generated
A0A1G0AW29_457_4,5.2351781845092775,Generated
A0A1G0AW29_458_4,5.476687049865721,Generated
A0A1G0AW29_459_4,6.095777320861815,Generated
A0A1G0AW29_460_4,5.170609092712401,Generated
A0A1G0AW29_461_4,6.20792064666748,Generated
A0A2K8L348_462_4,8.174349403381349,Generated
A0A075IPP2_463_4,5.367840385437011,Generated
A0A075IPP2_464_4,5.319413566589356,Generated
A0A2K8L348_465_4,5.575132179260252,Generated
A0A2K8L348_466_4,4.882719612121583,Generated
A0A1G0AW29_467_4,6.450964164733886,Generated
A0A1G0AW29_468_4,5.620830726623535,Generated
A0A1G0AW29_469_4,4.972809410095214,Generated
A0A1G0AW29_470_4,7.203626060485839,Generated
A0A2K8L348_471_4,5.515394401550291,Generated
A0A2K8L348_472_4,5.203632545471191,Generated
A0A075IPP2_473_4,5.207668113708496,Generated
A0A1G0AW29_474_4,6.257825279235839,Generated
A0A1G0AW29_475_4,5.073130226135253,Generated
A0A1G0AW29_476_4,5.638223457336425,Generated
A0A1G0AW29_477_4,5.111894416809082,Generated
A0A1G0AW29_478_4,5.846595191955566,Generated
A0A1G0AW29_479_4,5.5061864852905265,Generated
A0A075IPP2_480_4,5.464068794250489,Generated
A0A075IPP2_481_4,4.6587739944458,Generated
A0A075IPP2_482_4,5.860066032409667,Generated
A0A075IPP2_483_4,5.321175575256347,Generated
A0A075IPP2_484_4,5.0020246505737305,Generated
A0A075IPP2_485_4,5.818118858337402,Generated
A0A075IPP2_486_4,5.356358909606934,Generated
A0A075IPP2_487_4,5.038969993591309,Generated
A0A1G0AW29_488_4,5.733769798278809,Generated
A0A1G0AW29_489_4,5.428089714050292,Generated
A0A1G0AW29_490_4,5.599459266662596,Generated
A0A1G0AW29_491_4,9.055438804626462,Generated
A0A1G0AW29_492_4,6.148523902893066,Generated
A0A075IPP2_493_4,5.28940258026123,Generated
A0A075IPP2_494_4,5.540233039855956,Generated
A0A075IPP2_495_4,8.931852912902833,Generated
A0A075IPP2_496_4,5.524886512756347,Generated
A0A075IPP2_497_4,6.660927391052247,Generated
A0A075IPP2_498_4,9.096891975402833,Generated
A0A1G0AW29_499_4,5.463614082336425,Generated
A0A1G0AW29_500_4,5.428260231018065,Generated
A0A2K8L348_501_4,5.0468137741088865,Generated
A0A1G0AW29_502_4,5.541312980651854,Generated
A0A1G0AW29_503_4,5.265928077697754,Generated
A0A832ANL8_504_4,5.757414817810059,Generated
A0A832ANL8_505_4,6.140225410461425,Generated
A0A832ANL8_506_4,8.88685398101807,Generated
A0A832ANL8_507_4,5.6967676162719725,Generated
A0A832ANL8_508_4,5.7828218460083,Generated
A0A832ANL8_509_4,4.938706016540526,Generated
A0A832ANL8_510_4,5.711545753479004,Generated
A0A355WLL9_511_4,5.24910373687744,Generated
A0A355WLL9_512_4,6.128118705749511,Generated
A0A355WLL9_513_4,5.041641426086425,Generated
A0A382KYT3_514_4,5.690003776550292,Generated
A0A382KYT3_515_4,5.49646701812744,Generated
A0A382KYT3_516_4,5.216080284118651,Generated
A0A382KYT3_517_4,5.860691261291502,Generated
A0A832ANL8_518_4,5.834090614318847,Generated
A0A832ANL8_519_4,5.196470832824706,Generated
A0A832ANL8_520_4,5.254503440856933,Generated
A0A832ANL8_521_4,5.907242393493653,Generated
A0A832ANL8_522_4,5.042039299011231,Generated
A0A832ANL8_523_4,5.953964042663575,Generated
A0A832ANL8_524_4,5.046245384216308,Generated
A0A7Y0GYQ9_525_4,5.3615312576293945,Generated
A0A832ANL8_526_4,5.516929054260252,Generated
A0A7Y0GYQ9_527_4,5.293722343444824,Generated
A0A7Y0GYQ9_528_4,5.732291984558106,Generated
A0A7Y0GYQ9_529_4,5.935605049133301,Generated
A0A7Y0GYQ9_530_4,5.663801002502441,Generated
I4DDM4_531_4,5.3966577529907225,Generated
A0A832ANL8_532_4,6.040245628356933,Generated
A0A832ANL8_533_4,5.795781135559082,Generated
A0A832ANL8_534_4,6.842073249816894,Generated
A0A832ANL8_535_4,5.235064506530762,Generated
A0A832ANL8_536_4,5.5869546890258786,Generated
A0A7Y0GYQ9_537_4,5.885188865661621,Generated
A0A7Y0GYQ9_538_4,4.799507331848145,Generated
A0A7Y0GYQ9_539_4,5.795667457580566,Generated
A0A7Y0GYQ9_540_4,5.829998207092285,Generated
A0A7Y0GYQ9_541_4,5.540971946716308,Generated
A0A832ANL8_542_4,5.7853796005249025,Generated
A0A832ANL8_543_4,5.367897224426269,Generated
A0A832ANL8_544_4,5.3128770828247065,Generated
A0A832ANL8_545_4,5.617931938171386,Generated
A0A832ANL8_546_4,5.548247337341309,Generated
A0A832ANL8_547_4,5.53625431060791,Generated
A0A7Y0GYQ9_548_4,5.819824028015137,Generated
A0A7Y0GYQ9_549_4,5.08722629547119,Generated
A0A7Y0GYQ9_550_4,6.576692008972168,Generated
A0A832ANL8_551_4,4.978265953063963,Generated
F5BZE3_552_4,5.593889045715332,Generated
F5BZE3_553_4,5.162651634216307,Generated
A0A832ANL8_554_4,5.911391639709472,Generated
A0A832ANL8_555_4,5.363293266296386,Generated
A0A832ANL8_556_4,5.685058784484863,Generated
A0A832ANL8_557_4,9.052537727355958,Generated
A0A7C3D5F8_558_4,6.859181785583496,Generated
A0A7C3D5F8_559_4,5.668120765686036,Generated
A0A7C3D5F8_560_4,5.713478279113769,Generated
Q6Y9I4_561_4,5.835909461975096,Generated
Q6Y9I4_562_4,6.366217231750488,Generated
A0A7S3W3P9_563_4,5.591160774230956,Generated
A0A7V5C8V4_564_4,5.3644868850708,Generated
A0A7V5C8V4_565_4,4.9649656295776365,Generated
A0A1W6AQ06_566_4,6.0333681106567365,Generated
A0A1W6AQ06_567_4,5.317367362976075,Generated
A0A7C3D5F8_568_4,5.967775917053221,Generated
A0A7C3D5F8_569_4,4.955189323425292,Generated
A0A7C3D5F8_570_4,4.988212776184081,Generated
A0A7C3D5F8_571_4,6.021204566955566,Generated
Q6Y9I4_572_4,6.083215904235838,Generated
Q6Y9I4_573_4,6.126299858093262,Generated
A0A813L3F7_574_4,5.841707038879394,Generated
A0A1W6AQ06_575_4,5.124455833435058,Generated
A0A1W6AQ06_576_4,6.760111427307129,Generated
A0A1W6AQ06_577_4,5.313388633728027,Generated
A0A1W6AQ06_578_4,5.302191352844238,Generated
F5BZE3_579_4,5.550350379943848,Generated
A0A7C5R2G0_580_4,6.115102577209471,Generated
A0A0P1FYB4_581_4,5.498172187805174,Generated
A0A7S2N6G6_582_4,5.755766487121583,Generated
A0A382KYT3_583_4,5.690003776550292,Generated
A0A382KYT3_584_4,4.756934928894043,Generated
A0A1W6AQ06_585_4,6.000685691833495,Generated
A0A1W6AQ06_586_4,5.286617469787596,Generated
A0A1W6AQ06_587_4,5.7977705001831055,Generated
A0A832ANL8_588_4,5.068128395080565,Generated
A0A7Y0GYQ9_589_4,5.422348976135253,Generated
A0A832ANL8_590_4,5.094501686096191,Generated
A0A832ANL8_591_4,4.94302577972412,Generated
A0A832ANL8_592_4,5.911618995666504,Generated
A0A832ANL8_593_4,5.688412284851075,Generated
A0A7C3D5F8_594_4,5.562627601623535,Generated
A0A7C3D5F8_595_4,5.9657865524292,Generated
F5BZE3_596_4,5.108313560485839,Generated
Q6Y9I4_597_4,5.517383766174315,Generated
A0A813E9F1_598_4,5.164299964904784,Generated
A0A5Q0BNV2_599_4,5.931739997863769,Generated
A0A7S2ILE2_600_4,5.363861656188964,Generated
A0A832ANL8_601_4,5.365851020812988,Generated
A0A2K8L348_602_4,5.302702903747559,Generated
A0A832ANL8_603_4,5.265530204772949,Generated
A0A832ANL8_604_4,5.42217845916748,Generated
A0A1G0AW29_605_4,5.914517784118652,Generated
A0A1G0AW29_606_4,5.608155632019043,Generated
D9SHP6_607_4,5.291164588928221,Generated
D9SHP6_608_4,5.527785301208495,Generated
D9SHP6_609_4,5.223241996765136,Generated
D9SHP6_610_4,5.193628883361815,Generated
A0A1G0AW29_611_4,5.5059022903442365,Generated
A0A1G0AW29_612_4,5.4018869400024405,Generated
A0A1G0AW29_613_4,5.927136039733886,Generated
A0A1G0AW29_614_4,4.9293844223022445,Generated
D9SHP6_615_4,5.464580345153809,Generated
D9SHP6_616_4,5.849380302429199,Generated
D9SHP6_617_4,5.5107336044311515,Generated
D9SHP6_618_4,5.135823631286621,Generated
A0A1G0AW29_619_4,5.331349754333496,Generated
A0A1G0AW29_620_4,5.31878833770752,Generated
A0A1G0AW29_621_4,5.100753974914549,Generated
A0A3M1FDV3_622_4,8.217543220520021,Generated
D9SHP6_623_4,5.5188615798950185,Generated
A0A3M2BFW8_624_4,5.619580268859862,Generated
A0A3M2BFW8_625_4,4.961896324157714,Generated
A0A1G0AW29_626_4,5.551032447814941,Generated
A0A3M2BFW8_627_4,4.894314765930175,Generated
A0A1G0AW29_628_4,5.26757640838623,Generated
D9SHP6_629_4,5.5281831741333,Generated
A0A1G0AW29_630_4,5.675168800354004,Generated
A0A1G0AW29_631_4,5.69500560760498,Generated
A0A1G0AW29_632_4,5.873138999938964,Generated
A0A2K8L348_633_4,5.418995475769043,Generated
A0A2K8L348_634_4,5.383414268493653,Generated
A0A2K8L348_635_4,5.634244728088378,Generated
A0A2K8L348_636_4,5.424167823791502,Generated
A0A1G0AW29_637_4,5.265928077697754,Generated
A0A1G0AW29_638_4,5.751560401916504,Generated
A0A1G0AW29_639_4,5.6009370803833,Generated
A0A1G0AW29_640_4,5.452530479431151,Generated
A0A2K8L348_641_4,5.270361518859862,Generated
A0A2K8L348_642_4,5.62537784576416,Generated
D9SHP6_643_4,5.627878761291503,Generated
D9SHP6_644_4,5.834488487243653,Generated
A0A1G0AW29_645_4,5.622990608215332,Generated
A0A1G0AW29_646_4,5.240748405456542,Generated
A0A1G0AW29_647_4,6.684174537658691,Generated
A0A1G0AW29_648_4,5.62537784576416,Generated
D9SHP6_649_4,5.857280921936035,Generated
D9SHP6_650_4,5.763098716735839,Generated
D9SHP6_651_4,5.629129219055175,Generated
A0A1G0AW29_652_4,5.300088310241699,Generated
A0A1G0AW29_653_4,5.2614946365356445,Generated
A0A1G0AW29_654_4,5.005832862854004,Generated
A0A3M2BFW8_655_4,4.689353370666503,Generated
A0A3M2BFW8_656_4,4.918812370300292,Generated
A0A832ANL8_657_4,6.275900077819824,Generated
A0A832ANL8_658_4,5.353971672058106,Generated
A0A832ANL8_659_4,5.484587669372559,Generated
A0A832ANL8_660_4,5.210112190246581,Generated
A0A075ISY8_661_4,6.600507545471192,Generated
A0A075ISY8_662_4,5.347946739196778,Generated
A0A075ISY8_663_4,5.610827064514161,Generated
A0A075ISY8_664_4,5.183454704284666,Generated
A0A832ANL8_665_4,7.800948524475098,Generated
A0A832ANL8_666_4,5.113201713562011,Generated
A0A832ANL8_667_4,5.916791343688964,Generated
A0A832ANL8_668_4,5.592979621887206,Generated
A0A075ISY8_669_4,5.130310249328613,Generated
A0A075ISY8_670_4,6.021375083923339,Generated
A0A075ISY8_671_4,5.758040046691894,Generated
A0A075ISY8_672_4,5.487884330749511,Generated
A0A075ISY8_673_4,5.434285163879394,Generated
A0A832ANL8_674_4,5.68539981842041,Generated
A0A832ANL8_675_4,6.031378746032714,Generated
A0A3M2BFW8_676_4,4.972070503234862,Generated
A0A3M2BFW8_677_4,4.8435575485229485,Generated
A0A948EPL6_678_4,5.357154655456543,Generated
A0A948EPL6_679_4,5.307420539855956,Generated
A0A1G0AW29_680_4,5.629186058044433,Generated
A0A3M2BFW8_681_4,5.5107336044311515,Generated
A0A3M2BFW8_682_4,4.830598258972167,Generated
A0A3M2BFW8_683_4,5.245693397521971,Generated
A0A3M2BFW8_684_4,5.754061317443848,Generated
A0A1G0AW29_685_4,5.274226570129394,Generated
A0A1G0AW29_686_4,5.856144142150878,Generated
A0A1G0AW29_687_4,5.3569841384887695,Generated
A0A1G0AW29_688_4,5.314468574523925,Generated
A0A3M2BFW8_689_4,4.816956901550292,Generated
A0A832ANL8_690_4,5.410924339294433,Generated
A0A3M2BFW8_691_4,5.152136421203611,Generated
A0A3M2BFW8_692_4,5.488623237609862,Generated
A0A948EPL6_693_4,5.701655769348145,Generated
A0A948EPL6_694_4,5.848470878601074,Generated
A0A948EPL6_695_4,5.574847984313963,Generated
A0A3M2BFW8_696_4,4.981846809387206,Generated
A0A3M2BFW8_697_4,5.04516544342041,Generated
A0A3M2BFW8_698_4,4.791152000427247,Generated
A0A3M2BFW8_699_4,5.118544578552245,Generated
A0A832ANL8_700_4,5.157877159118651,Generated
A0A832ANL8_701_4,5.802488136291504,Generated
A0A3M2BFW8_702_4,5.044653892517089,Generated
A0A3M1FDV3_703_4,7.685222816467285,Generated
OGS68397.1,6.062867546081542,Natural
Q59462.3,5.407741355895996,Natural
Q60028.3,5.979484748840332,Natural
Q31IK3.1,5.332827568054199,Natural
O84917.1,5.779582023620605,Natural
Q9ZHZ4.1,5.720355796813965,Natural
A1VNQ9.1,5.974596595764161,Natural
Q21YM9.1,5.863817405700683,Natural
P50922.1,5.644021034240722,Natural
D5AUD5.1,5.736668586730957,Natural
B3QB68.1,6.076281547546387,Natural
Q07N61.1,5.971072578430175,Natural
Q479W5.1,5.850914955139159,Natural
Q2RRP5.1,5.601448631286621,Natural
Q213J3.1,6.277150535583496,Natural
Q2J1J9.1,5.702735710144044,Natural
Q37D32.1,5.967548561096191,Natural
Q2W3S5.1,6.3528032302856445,Natural
P04718.1,5.747013282775879,Natural
A3PRW6.1,5.803681755065917,Natural
Q3IX55.1,5.77088565826416,Natural
Q8RTI2.1,6.212297248840332,Natural
P29278.3,5.85222225189209,Natural
Q5ENN5.1,5.814651679992676,Natural
Q42813.2,5.826758384704591,Natural
Q41406.1,5.7320646286010755,Natural
Q6Y9H0.1,6.0036413192749025,Natural
Q41407.1,6.301193428039551,Natural
B6YXA9.1,5.490498924255371,Natural
Q58632.2,5.815617942810059,Natural
O93627.5,5.52482967376709,Natural
O28635.1,5.661982154846191,Natural
Q8PXG9.1,5.866716194152831,Natural
Q46E16.1,5.635836219787596,Natural
Q9MUT6.1,6.14426097869873,Natural
F4CQ77.1,5.939697456359863,Natural
Q6LBA6.1,6.438686943054199,Natural
Q8THG2.1,5.187376594543456,Natural
Q48952.1,5.878254508972168,Natural
P36487.1,6.383496284484862,Natural
Q3SNG2.1,6.479099464416504,Natural
O62964.1,6.227927970886231,Natural
Q1KVV0.1,6.184389305114746,Natural
Q9ZI34.1,6.548727226257324,Natural
Q1QGD4.1,6.684174537658691,Natural
A5E993.1,6.515192222595215,Natural
B3DVG5.1,6.087137794494628,Natural
P28452.1,6.232418251037598,Natural
P25413.1,6.45971736907959,Natural
Q05987.1,6.127891349792479,Natural
Q1QH22.1,6.684174537658691,Natural
Q33383.1,6.323701667785645,Natural
P48689.1,5.995854377746581,Natural
Q33600.1,6.186378669738769,Natural
Q8U1P9.1,5.805784797668457,Natural
P25414.1,6.45971736907959,Natural
P28453.1,6.325406837463379,Natural
Q9UZD7.1,6.177454948425292,Natural
Q05990.1,6.090320777893066,Natural
P34915.2,6.292951774597168,Natural
B2LMK1.1,6.0026750564575195,Natural
O58677.1,6.346891975402832,Natural
P08211.1,6.290337181091309,Natural
P45738.2,5.954077720642091,Natural
Q06SI3.1,6.289541435241699,Natural
A5FWR1.1,6.390203285217285,Natural
Q37192.1,5.999776268005371,Natural
P19162.1,6.0026750564575195,Natural
Q33438.1,6.224062919616699,Natural
P28405.2,6.4594331741333,Natural
Q32271.1,6.5789087295532225,Natural
Q33323.1,6.224119758605957,Natural
P00877.1,6.1418169021606435,Natural
Q32345.1,6.5789087295532225,Natural
Q32283.1,6.5789087295532225,Natural
Q32303.1,6.579533958435059,Natural
Q32344.1,6.579533958435059,Natural
Q31992.1,6.579533958435059,Natural
Q32255.1,6.579533958435059,Natural
B2X1Y2.1,6.185639762878417,Natural
P31184.2,6.408505439758301,Natural
O20241.3,6.223096656799316,Natural
P48069.1,6.254642295837402,Natural
P26490.1,7.155767631530763,Natural
P19161.1,6.092594337463377,Natural
A8Y9H8.1,6.0374605178833,Natural
Q20EX7.1,5.77270450592041,Natural
B3Q7E1.1,6.335694694519043,Natural
Q32701.1,6.224460792541504,Natural
Q33062.1,6.579988670349121,Natural
Q32256.1,6.579533958435059,Natural
P48072.1,6.254642295837402,Natural
P28428.1,5.8312486648559565,Natural
Q6B8P0.1,6.104189491271971,Natural
P23011.1,5.932990455627441,Natural
A1EA16.1,6.22457447052002,Natural
Q32360.1,6.5789087295532225,Natural
A5EQ63.1,6.516726875305175,Natural
Q31672.1,6.442324638366698,Natural
Q31886.2,6.225881767272949,Natural
P48684.1,5.879561805725097,Natural
Q33406.1,6.331488609313964,Natural
Q37G91.1,6.477223777770996,Natural
Q6N9J0.1,6.37502727508545,Natural
Q31946.1,6.326714134216309,Natural
P48075.1,6.254585456848145,Natural
Q33274.1,6.444939231872558,Natural
P28454.2,6.233270835876465,Natural
P48073.1,6.257200050354004,Natural
P28399.2,6.1291418075561515,Natural
O62970.1,6.540712928771973,Natural
A1E9T2.1,6.327055168151856,Natural
Q19V64.2,5.997389030456542,Natural
A4GG89.1,5.9594205856323255,Natural
P28449.1,6.00006046295166,Natural
P93869.1,6.128857612609862,Natural
O62943.1,6.091741752624511,Natural
Q5SCV9.1,6.446985435485838,Natural
P28450.1,6.455511283874511,Natural
A4YNR1.1,6.375481986999512,Natural
Q32397.1,7.6674890518188485,Natural
P28426.1,6.095834159851074,Natural
Q8MD78.1,6.323815345764161,Natural
Q33245.1,6.13749713897705,Natural
P48715.1,6.226279640197753,Natural
Q32663.1,6.538325691223145,Natural
P92406.1,6.324724769592286,Natural
Q219P7.2,6.254585456848145,Natural
P48070.1,6.139884376525878,Natural
P56647.1,6.412597846984863,Natural
P11383.2,6.22457447052002,Natural
P28403.2,6.323360633850098,Natural
O19872.2,6.044679069519043,Natural
P43226.1,6.251572990417481,Natural
P14957.3,6.043258094787597,Natural
P05698.2,6.22457447052002,Natural
Q31827.2,6.1813768386840815,Natural
P00878.1,6.142612648010252,Natural
P92401.1,6.324724769592286,Natural
Q33050.1,6.578226661682129,Natural
P93988.1,6.12868709564209,Natural
Q10WH6.1,5.908379173278808,Natural
Q05798.2,5.998355293273924,Natural
P28379.1,6.00006046295166,Natural
A7IGM0.1,6.1600053787231435,Natural
P28390.2,6.577601432800294,Natural
P28258.1,5.913722038269043,Natural
O63094.1,6.446360206604003,Natural
P92397.1,6.221448326110839,Natural
O20304.1,6.134314155578613,Natural
P69575.1,6.441187858581542,Natural
P27066.3,5.998866844177246,Natural
Q02518.1,6.081510734558105,Natural
Q31680.1,5.912016868591309,Natural
Q05985.1,6.08395481109619,Natural
P48688.2,6.186492347717285,Natural
P27064.5,6.000344657897949,Natural
Q31750.1,5.823461723327637,Natural
Q37328.1,6.539348793029785,Natural
P36486.1,6.001879310607909,Natural
P28442.2,6.044451713562012,Natural
P06292.1,5.946063423156737,Natural
A6BM42.1,6.185412406921387,Natural
P69576.1,6.441187858581542,Natural
Q06023.1,6.259530448913575,Natural
P69572.1,6.221448326110839,Natural
P69574.1,6.324667930603028,Natural
Q05992.1,6.0400182723999025,Natural
P00874.2,6.327112007141113,Natural
P92407.1,6.441187858581542,Natural
P28443.2,6.233270835876465,Natural
P28424.1,6.232247734069825,Natural
Q06GQ2.1,6.0900365829467775,Natural
A6H5I5.1,6.090093421936035,Natural
P23755.1,6.399979591369629,Natural
A6MMV2.1,6.1326089859008786,Natural
P19163.1,6.089809226989746,Natural
P69579.1,6.221448326110839,Natural
P69573.1,6.441187858581542,Natural
Q31809.1,6.577601432800294,Natural
Q32908.1,6.326714134216309,Natural
Q32223.1,5.998696327209472,Natural
P28382.2,6.050419807434082,Natural
P0C510.1,6.224744987487793,Natural
P24675.1,6.188027000427247,Natural
Q06024.1,6.224403953552247,Natural
P48682.1,6.144204139709472,Natural
Q9BBU1.1,6.041268730163575,Natural
A4GYR8.1,5.995911216735839,Natural
P48710.1,6.7198694229125975,Natural
P48695.1,5.995968055725096,Natural
Q2IT03.1,6.374117851257325,Natural
P28430.2,6.044451713562012,Natural
P28394.1,6.003357124328613,Natural
P92306.1,6.223778724670409,Natural
P56648.2,6.329897117614746,Natural
P28417.1,6.439027976989746,Natural
Q9XQJ6.1,6.2373064041137685,Natural
P93880.1,6.223096656799316,Natural
P28412.1,6.091457557678221,Natural
Q2TGZ2.1,6.221277809143066,Natural
P48719.2,5.995911216735839,Natural
P28431.1,6.231622505187987,Natural
Q0G9V4.1,5.997389030456542,Natural
P28433.1,6.094526863098143,Natural
P28410.1,6.315801048278809,Natural
P25827.1,6.127266120910644,Natural
Q37282.1,6.0404161453247065,Natural
B0YPN8.1,5.913722038269043,Natural
P16306.1,6.041950798034668,Natural
P28421.1,6.25054988861084,Natural
Q31983.2,6.136758232116699,Natural
P48697.1,6.0856031417846665,Natural
A6MMD0.1,6.041268730163575,Natural
P51994.1,6.601814842224122,Natural
P28406.2,7.65600757598877,Natural
P48698.1,6.54440746307373,Natural
P28429.2,6.463525581359862,Natural
Q07RX1.1,6.411233711242676,Natural
P28402.2,6.233611869812012,Natural
P28387.1,6.093674278259276,Natural
P43224.1,6.455681800842284,Natural
P28409.2,6.370423316955566,Natural
P46820.1,6.327112007141113,Natural
P28460.1,6.290280342102051,Natural
Q33528.1,6.223949241638183,Natural
P26958.1,6.360647010803221,Natural
Q33101.1,6.407652854919434,Natural
P48706.2,5.9107664108276365,Natural
P48074.1,6.384178352355956,Natural
P48712.1,6.749312019348145,Natural
P48693.1,6.091457557678221,Natural
Q05989.1,6.299431419372559,Natural
P28439.2,6.329897117614746,Natural
O19989.1,6.185412406921387,Natural
Q05994.1,5.9926145553588865,Natural
P43225.1,6.134825706481934,Natural
P26963.1,6.188027000427247,Natural
Q01873.1,6.042576026916504,Natural
P19164.1,6.186719703674316,Natural
P28419.1,6.045759010314941,Natural
Q49CC1.1,6.740786170959473,Natural
Q2MIH9.1,6.550318717956543,Natural
P28381.1,6.2901098251342775,Natural
Q09MH0.1,6.291303443908691,Natural
A8W3J2.1,6.5785108566284185,Natural
Q33443.1,5.9910799026489245,Natural
P28446.1,6.133518409729004,Natural
B3TN59.1,6.224858665466309,Natural
P00876.2,6.412484169006347,Natural
P28456.2,6.039677238464355,Natural
P27065.4,6.549807167053221,Natural
Q31655.1,6.226904869079591,Natural
P48714.2,6.141703224182128,Natural
P48694.2,6.133916282653809,Natural
P48708.1,6.325463676452637,Natural
Q8DIS5.1,5.902013206481934,Natural
P25830.1,6.224403953552247,Natural
Q09X09.1,6.00028781890869,Natural
Q7YJW4.1,6.227075386047363,Natural
A9L9A4.1,6.0934469223022445,Natural
Q33162.1,6.46153621673584,Natural
Q32RY7.1,6.042917060852051,Natural
P24680.1,5.913608360290527,Natural
P28416.1,6.339105033874512,Natural
P25836.1,6.328987693786622,Natural
Q32625.1,6.00290241241455,Natural
Q06025.1,6.164893531799316,Natural
Q68RZ8.1,5.995399665832519,Natural
P93936.1,6.336945152282715,Natural
Q9T4F2.1,6.141077995300292,Natural
Q0P3J3.1,6.038654136657715,Natural
Q05986.1,6.085034751892089,Natural
O78258.1,6.571349143981934,Natural
P24678.1,6.1878564834594725,Natural
P26962.1,6.1878564834594725,Natural
P28260.1,6.412256813049316,Natural
P36489.1,6.125560951232909,Natural
Q31951.1,6.54389591217041,Natural
Q9GHP8.1,5.992103004455566,Natural
Q05554.1,6.1281755447387685,Natural
Q32RQ1.1,5.829088783264161,Natural
P28385.1,6.089638710021972,Natural
Q36610.1,6.122548484802246,Natural
Q9XPR5.1,5.998412132263183,Natural
O78259.1,6.570723915100097,Natural
Q01874.1,6.259530448913575,Natural
O78260.1,6.570723915100097,Natural
P28383.1,6.540428733825684,Natural
P24312.2,6.293235969543457,Natural
P28448.1,6.338763999938965,Natural
A7M906.1,6.7399904251098635,Natural
P33536.1,6.424818229675293,Natural
P48709.1,6.549125099182128,Natural
P28418.1,6.233611869812012,Natural
Q85G81.1,7.1212663650512695,Natural
Q06GY9.1,6.22457447052002,Natural
P00880.2,6.161767387390136,Natural
O20346.1,6.232418251037598,Natural
P30827.1,6.223380851745605,Natural
Q7WNK2.1,7.301445960998536,Natural
Q32686.1,6.543839073181153,Natural
P04717.3,6.548443031311035,Natural
P28389.1,6.1332910537719725,Natural
B0CCC1.1,5.871035957336424,Natural
P28414.2,6.336717796325684,Natural
P48702.1,5.856655693054199,Natural
P51101.1,6.294770622253417,Natural
P48700.1,6.3288171768188475,Natural
P26960.2,6.09020709991455,Natural
P36484.1,6.543611717224121,Natural
P25829.1,6.444939231872558,Natural
Q32699.1,6.542645454406738,Natural
Q31730.2,6.231622505187987,Natural
O98671.1,6.22116413116455,Natural
Q33C26.1,6.292951774597168,Natural
P28451.1,6.133802604675293,Natural
Q37227.2,6.231451988220214,Natural
P28376.1,6.192915153503418,Natural
A6MVT9.1,5.8087972640991214,Natural
Q07209.1,6.093503761291502,Natural
P11421.1,6.411120033264161,Natural
P25079.2,6.550318717956543,Natural
Q33619.1,6.446019172668456,Natural
P28408.2,6.231679344177246,Natural
Q31738.1,6.224403953552247,Natural
P28391.2,6.231622505187987,Natural
O98664.1,6.325691032409668,Natural
P28392.1,6.041041374206543,Natural
P93913.1,6.460285758972168,Natural
P43222.1,6.138406562805175,Natural
Q32041.2,6.136758232116699,Natural
P41621.1,6.1878564834594725,Natural
Q36800.1,6.182627296447753,Natural
P48683.1,6.331488609313964,Natural
A6MML5.1,6.130164909362793,Natural
A6MM44.1,6.224460792541504,Natural
P28384.1,6.127095603942871,Natural
P27568.1,5.65004596710205,Natural
B1NWF8.1,6.184844017028809,Natural
P28388.1,6.2229829788208,Natural
P28259.1,6.328135108947754,Natural
Q95694.1,6.21673069000244,Natural
O98681.1,6.321371269226075,Natural
P48713.1,5.913665199279785,Natural
P28415.2,6.339048194885254,Natural
P48690.1,6.3295560836792,Natural
O98360.1,6.424136161804199,Natural
Q31674.1,6.568905067443848,Natural
P14958.2,5.911789512634278,Natural
P30829.1,6.330408668518066,Natural
P36476.1,6.147557640075683,Natural
Q9BA49.1,6.1309606552124025,Natural
A0ZZ43.1,5.999207878112792,Natural
P28441.2,6.041155052185059,Natural
P11422.1,6.411120033264161,Natural
Q33584.1,6.077077293395996,Natural
Q32040.2,6.0021066665649405,Natural
P26964.1,6.188140678405762,Natural
P28411.2,6.46255931854248,Natural
Q43036.1,5.912926292419433,Natural
P28435.2,6.1332910537719725,Natural
P28261.1,6.2333276748657225,Natural
Q3BAN4.2,5.95458927154541,Natural
Q32026.2,6.096118354797362,Natural
P93998.1,6.222926139831543,Natural
P28398.2,6.600450706481935,Natural
P28432.1,6.042234992980957,Natural
P36482.1,6.227189064025879,Natural
Q8RU60.1,6.412484169006347,Natural
P36481.1,6.220709419250488,Natural
Q31669.1,5.951917839050293,Natural
P48707.1,6.718675804138184,Natural
P48685.1,6.080658149719238,Natural
P36483.1,6.18973217010498,Natural
Q33015.1,6.5356542587280275,Natural
Q1ACK0.1,6.091457557678221,Natural
P93890.1,6.03410701751709,Natural
B0Z4K9.1,6.129312324523925,Natural
P24624.1,5.6019601821899405,Natural
P28378.1,6.127152442932128,Natural
O98890.1,6.462729835510253,Natural
Q70XZ5.1,6.129596519470215,Natural
P28459.1,6.129539680480956,Natural
P28420.1,6.232929801940918,Natural
P48711.2,6.091457557678221,Natural
Q09119.1,6.100494956970214,Natural
P51226.1,5.917814445495605,Natural
P28423.1,6.194051933288574,Natural
Q31859.1,6.406288719177247,Natural
P48696.2,6.294543266296387,Natural
P92445.1,6.603974723815918,Natural
P28397.1,6.040472984313964,Natural
Q760R5.1,5.869501304626463,Natural
P92463.1,5.872343254089355,Natural
Q06022.1,6.166769218444824,Natural
Q9GGX6.1,6.000913047790527,Natural
P28380.1,6.191607856750489,Natural
P48701.1,6.534062767028809,Natural
Q06021.1,6.166769218444824,Natural
P28457.1,5.952827262878418,Natural
P28444.1,6.135337257385253,Natural
P26961.1,6.09020709991455,Natural
P28377.2,6.22326717376709,Natural
Q9MVE5.1,6.090093421936035,Natural
P43223.1,6.255779075622559,Natural
P28434.1,6.132665824890137,Natural
P28404.2,6.315460014343262,Natural
P28455.1,6.232190895080566,Natural
Q8SN66.2,5.995854377746581,Natural
P93906.1,6.230883598327637,Natural
P24677.1,6.1878564834594725,Natural
P24681.1,6.08889980316162,Natural
P43228.1,6.233100318908691,Natural
P24676.1,6.1878564834594725,Natural
P26959.1,6.09020709991455,Natural
Q31795.2,6.089070320129394,Natural
P50255.2,6.103564262390136,Natural
P31189.2,6.32409954071045,Natural
P36478.1,6.085716819763182,Natural
Q760S7.1,5.869501304626463,Natural
P04991.1,6.088047218322752,Natural
A2SFV1.1,7.141614723205566,Natural
P28401.2,6.493593406677246,Natural
P30732.1,6.330408668518066,Natural
P48705.1,6.181604194641112,Natural
A6YG96.1,6.039734077453613,Natural
Q49KZ0.1,6.038540458679199,Natural
P48717.2,6.08213596343994,Natural
Q06RC1.1,6.225711250305175,Natural
P28437.2,6.230428886413574,Natural
Q05991.1,5.948223304748535,Natural
A2SJJ7.2,6.608692359924317,Natural
P28427.1,6.602326393127441,Natural
P43229.1,6.414189338684082,Natural
P48703.1,6.041723442077637,Natural
P24679.1,6.1878564834594725,Natural
P28395.1,6.232190895080566,Natural
Q32042.2,6.134484672546387,Natural
P28425.1,5.994831275939941,Natural
Q760R9.1,5.867114067077636,Natural
P69570.1,6.08889980316162,Natural
P28386.3,6.597949790954591,Natural
P24674.1,6.09020709991455,Natural
P28440.1,5.913381004333496,Natural
P25828.1,6.220197868347167,Natural
P28262.1,6.444598197937012,Natural
A4QJU1.1,5.871490669250488,Natural
P25837.1,6.2206525802612305,Natural
P25833.1,6.633417320251465,Natural
P36485.2,6.408960151672363,Natural
P28407.2,6.460228919982909,Natural
P48699.1,6.471824073791503,Natural
A4QLK2.1,5.960045814514161,Natural
O03042.1,5.878481864929199,Natural
A4QKB3.1,6.1294260025024405,Natural
P36479.1,5.874162101745605,Natural
Q32890.1,6.387588691711425,Natural
O04435.1,6.4659128189086905,Natural
A4QLB4.1,6.0784414291381825,Natural
A4QL27.1,6.038938331604004,Natural
A4QKK0.1,5.960045814514161,Natural
Q07210.1,6.56521053314209,Natural
P48704.1,6.285392189025879,Natural
Q7GDW5.1,6.39190845489502,Natural
O78261.1,6.571349143981934,Natural
A4QKT9.1,5.960045814514161,Natural
A4QJC3.1,6.041155052185059,Natural
Q32770.1,6.388157081604004,Natural
P25838.1,6.327509880065918,Natural
P58348.1,6.249924659729005,Natural
Q31948.3,6.136189842224121,Natural
O99001.1,6.574077415466309,Natural
A4QLU1.1,5.957544898986817,Natural
Q760R7.1,5.79867992401123,Natural
P31183.2,6.324724769592286,Natural
A4QK26.1,5.960045814514161,Natural
Q07281.1,6.215934944152831,Natural
A4QJK7.1,5.954987144470215,Natural
O98668.1,6.097482490539549,Natural
Q31715.1,6.037517356872558,Natural
P28396.1,6.081453895568846,Natural
O98883.1,6.462275123596191,Natural
A8W3D6.1,6.190527915954591,Natural
A9LYA9.1,6.550546073913575,Natural
P00879.3,6.2537328720092775,Natural
Q8WKC9.1,6.07281436920166,Natural
P19160.1,6.327509880065918,Natural
Q3M674.1,6.1429536819458,Natural
Q6EW71.2,6.130733299255371,Natural
P30401.1,6.190527915954591,Natural
Q7NIM7.1,6.294941139221191,Natural
P20455.2,6.222755622863769,Natural
P48686.1,5.8747873306274405,Natural
P28458.1,5.9130968093872065,Natural
P00875.1,6.1274934768676745,Natural
P28413.1,6.090889167785644,Natural
B2J8T2.1,6.252993965148925,Natural
P25831.1,6.474381828308105,Natural
P24671.1,6.088956642150878,Natural
